[
  {
    "id": "eiffel",
    "name_ar": "برج إيفل",
    "name_en": "Eiffel Tower",
    "category": "landmark",
    "lat": 48.8584,
    "lng": 2.2945,
    "description_ar": "أشهر معلم سياحي في باريس يوفر إطلالات بانورامية على المدينة.",
    "description_en": "Paris’ most iconic landmark offering panoramic city views.",
    "hours": "09:30-23:45",
    "price": 27.0,
    "rating": 4.8,
    "images": [
      "https://upload.wikimedia.org/wikipedia/commons/a/a8/Tour_Eiffel_Wikimedia_Commons.jpg"
    ]
  },
  {
    "id": "louvre",
    "name_ar": "متحف اللوفر",
    "name_en": "Louvre Museum",
    "category": "museum",
    "lat": 48.8606,
    "lng": 2.3376,
    "description_ar": "أكبر متحف فني في العالم وموطن لوحة الموناليزا.",
    "description_en": "The world’s largest art museum, home to the Mona Lisa.",
    "hours": "09:00-18:00 (مغلق الثلاثاء)",
    "price": 22.0,
    "rating": 4.9,
    "images": [
      "https://upload.wikimedia.org/wikipedia/commons/a/af/Louvre_Museum_Wikimedia_Commons.jpg"
    ]
  },
  {
    "id": "notredame",
    "name_ar": "كاتدرائية نوتردام",
    "name_en": "Notre-Dame Cathedral",
    "category": "heritage",
    "lat": 48.853,
    "lng": 2.3499,
    "description_ar": "كاتدرائية تاريخية ذات طراز قوطي على ضفاف نهر السين.",
    "description_en": "Historic Gothic cathedral on the banks of the Seine.",
    "hours": "10:00-18:30",
    "price": 0.0,
    "rating": 4.7,
    "images": [
      "https://upload.wikimedia.org/wikipedia/commons/a/a6/Notre_Dame_de_Paris_2014-06-25.jpg"
    ]
  },
  {
    "id": "orsay",
    "name_ar": "متحف أورسيه",
    "name_en": "Musée d'Orsay",
    "category": "museum",
    "lat": 48.86,
    "lng": 2.3266,
    "description_ar": "متحف يضم أعمال الانطباعيين في محطة قطار قديمة.",
    "description_en": "Impressionist masterpieces housed in a former railway station.",
    "hours": "09:30-18:00 (مغلق الاثنين)",
    "price": 16.0,
    "rating": 4.7,
    "images": [
      "https://upload.wikimedia.org/wikipedia/commons/5/5e/Mus%C3%A9e_d%27Orsay_2011.jpg"
    ]
  },
  {
    "id": "champselysees",
    "name_ar": "الشانزليزيه",
    "name_en": "Champs-Élysées",
    "category": "shopping",
    "lat": 48.8698,
    "lng": 2.3076,
    "description_ar": "أشهر شارع للتسوق والمقاهي في باريس.",
    "description_en": "Paris’ most famous avenue for shopping and cafés.",
    "hours": "على مدار الساعة",
    "price": 0.0,
    "rating": 4.6,
    "images": [
      "https://upload.wikimedia.org/wikipedia/commons/9/9e/Champs-%C3%89lys%C3%A9es%2C_Paris.jpg"
    ]
  },
  {
    "id": "sacrecoeur",
    "name_ar": "كنيسة الساكري كور",
    "name_en": "Sacré-Cœur Basilica",
    "category": "landmark",
    "lat": 48.8867,
    "lng": 2.3431,
    "description_ar": "كنيسة بيضاء تقع على قمة مونمارتر بإطلالات رائعة.",
    "description_en": "White basilica atop Montmartre with stunning views.",
    "hours": "06:00-22:30",
    "price": 0.0,
    "rating": 4.7,
    "images": [
      "https://upload.wikimedia.org/wikipedia/commons/6/68/Sacre_Coeur_%28pixinn.net%29.jpg"
    ]
  },
  {
    "id": "disney",
    "name_ar": "ديزني لاند باريس",
    "name_en": "Disneyland Paris",
    "category": "theme",
    "lat": 48.8674,
    "lng": 2.7833,
    "description_ar": "منتزه ترفيهي عائلي ضخم يقع خارج باريس.",
    "description_en": "A large family-friendly theme park located outside Paris.",
    "hours": "09:30-21:00",
    "price": 62.0,
    "rating": 4.5,
    "images": [
      "https://upload.wikimedia.org/wikipedia/commons/4/4c/Disneyland_Paris_2011.jpg"
    ]
  },
  {
    "id": "seine",
    "name_ar": "نهر السين - جولة بالقارب",
    "name_en": "Seine River Cruise",
    "category": "river",
    "lat": 48.8582,
    "lng": 2.3541,
    "description_ar": "جولة بالقارب لمشاهدة معالم باريس من الماء.",
    "description_en": "Boat cruise to see Paris landmarks from the water.",
    "hours": "10:00-22:00",
    "price": 15.0,
    "rating": 4.6,
    "images": [
      "https://upload.wikimedia.org/wikipedia/commons/1/10/Seine_River_Paris.jpg"
    ]
  },
  {
    "id": "versailles",
    "name_ar": "قصر فرساي",
    "name_en": "Palace of Versailles",
    "category": "heritage",
    "lat": 48.8049,
    "lng": 2.1204,
    "description_ar": "قصر ملكي فاخر وحدائق واسعة خارج باريس.",
    "description_en": "Lavish royal palace and vast gardens outside Paris.",
    "hours": "09:00-18:30 (مغلق الاثنين)",
    "price": 19.5,
    "rating": 4.8,
    "images": [
      "https://upload.wikimedia.org/wikipedia/commons/e/e3/Chateau_Versailles.jpg"
    ]
  },
  {
    "id": "luxembourg",
    "name_ar": "حدائق لوكسمبورغ",
    "name_en": "Luxembourg Gardens",
    "category": "park",
    "lat": 48.8462,
    "lng": 2.3371,
    "description_ar": "حدائق جميلة للتنزه والراحة في قلب باريس.",
    "description_en": "Beautiful gardens for strolling and relaxing in central Paris.",
    "hours": "07:30-21:30",
    "price": 0.0,
    "rating": 4.7,
    "images": [
      "https://upload.wikimedia.org/wikipedia/commons/5/5b/Jardin_du_Luxembourg_2013.jpg"
    ]
  }
]